-- phpMyAdmin SQL Dump
-- version 5.0.4
-- https://www.phpmyadmin.net/
--
-- Host: 127.0.0.1
-- Generation Time: Aug 02, 2025 at 02:35 PM
-- Server version: 10.4.17-MariaDB
-- PHP Version: 8.0.0

SET SQL_MODE = "NO_AUTO_VALUE_ON_ZERO";
START TRANSACTION;
SET time_zone = "+00:00";


/*!40101 SET @OLD_CHARACTER_SET_CLIENT=@@CHARACTER_SET_CLIENT */;
/*!40101 SET @OLD_CHARACTER_SET_RESULTS=@@CHARACTER_SET_RESULTS */;
/*!40101 SET @OLD_COLLATION_CONNECTION=@@COLLATION_CONNECTION */;
/*!40101 SET NAMES utf8mb4 */;

--
-- Database: `db02_23si11`
--

-- --------------------------------------------------------

--
-- Table structure for table `comiden`
--

CREATE TABLE `comiden` (
  `company` varchar(50) NOT NULL,
  `address` varchar(50) NOT NULL,
  `phone` varchar(20) NOT NULL,
  `image` longblob NOT NULL
) ENGINE=InnoDB DEFAULT CHARSET=utf8mb4;

--
-- Dumping data for table `comiden`
--

INSERT INTO `comiden` (`company`, `address`, `phone`, `image`) VALUES
('Gunung Mas', 'Jl. Belakang Lintas No. 5, Padang Barat', '08111111666666', 0x89504e470d0a1a0a0000000d4948445200000080000000800806000000c33e61cb0000000970485973000003b0000003b00127c40fad0000001974455874536f667477617265007777772e696e6b73636170652e6f72679bee3c1a00001adf49444154789ced9d799855d5b5e07ffb9c3bd64c153552403123022232455b05d4a87148446234ce4f8668de33e93c939897b44da75f3a4ffbf99e311a146963da38004a624c5a140d06a308ce808214580c163557dda1ee7cefd9fdc78582aa3bdf3ae7de42ebf77df57d75f7d967af7dce5e678f6baf0dc30c33cc30c37c4911f9ce402eb9e8054f5da0579b18144aa95995a58a167d7e4d418622c269919a53da94c637ae2e6cc9775e73c5174b01a414e76ef09f67965c6892ccb399950956212acd4229b0298a4915e93d6e444afc9a160e49cdebd7b48e6044ee0f69da3b614ddbbcf5db456f208434f84972c629ad00ab5649e59da9be6f688a729d5d55e6172bea288baa2846ca0c689ae60c87dbfd9af69e4f8bacaf560a9fda708d881829d3484e3905b860a3ab82b0e5c7050a5797abe606a30b3c15014dd31ce1509327a23d6f12a17b5fbea6b43b9ff9c99453420156ad92ca1bd3bcb71629a6ef975bcca79b48b32ecf3111903da16093371c5913a8b2dffffa2211ce779e5231245fe471163fe51b6b36f348a5c57ca15d514df9ce4f26f8235aa83d147cd517912bb75e577024dff949c49054808b9f0dceb6a872f548ab79ee50fddad3258c94edfee04ebf1659fedab585efe43b3f0319522f77fe7af7b49198d6545bade7a4db633f55d090740643bb7b3ce2a6ad375b3ec8777e8e3324def2c23fc8b2c2506063b5c5b248558644960c23a249da4281373ad4d0553b969474e53b3f797fdb17aef7fdb4d66cf9ef365531e73b2fb9c42fb5706728fcc04b4bad3fcc673ef2a6000b9ff1cc1969b5bc30c264aacb571e86025da1507b7bd077e5dfaf2bdd9e0ff97919432f7ebaf781b176db8e2f7be1035498cd55130b8bb75db4defbeb7cc8cf690d70c1d3bdd5a556cbd60ab379722ee59e2ab4070307a5d9bae04f5f176db99299b31ae0dca7fc175715d80e0e177e62aa2cd686222d7268d1539eafe54a664e1460e133de7f9b506c79a948516db990772a53a8aad68662fb9f2f58efbf2f17f20c6f02bebacebb618cddbe34efc38d5390567fe02f2f5e63bbdc4819c6958b94e28a0d81d76b6cd6f30c93f125e06820f0dedc8fadf356ad129a11e91ba200a7af97964922b8bbd26a996444fa46505100358550688102335855f085c11b820e0fb47a2090a7a59d8e5070df914ecbf4f7568a90de69ebae00a7af9796896af0d32ab3a541efb4f5a4d00c73ea606635349441b135797c29e17337eced84f75be0b36ec8a555487b3078f8f32ecb44bd9540570558b54a2a1f4e0fedaeb4984fd3335d3d6928834b27c18c2a300da20bdcee81bf36c11b872194237390b660f0d3d9bb2dd3f46c0e7455802b9f0beca8b658e6ea99a65ed414c155a7c1ac1a7d1fda15803fee85370fe7a646680d86de7e71a9e52b7aa5a7dbbbb874bdffb97a9bf56abdd2d30b015c303e5af8660307bdfbbbe1ff7c005d5ee3641ce7a0d7b771f3b505babc6b5d14e0bc67bdbf9c5c60bf7ba80df50accb0e22c9856995efc905fc36c8baf25e18044b588a4d609de103cfe01ec34781e4f029ff902f7fef55bb6bb079bd6a0cb6cd13acfd7c6d9ec7f56c5d05ac02fb1c2f716c0e892e4f1823e8d4f5e77b3ef2d0fd602852b7e588d62eaff2852c22b0fb7d3dd1c62e2bc42a65f508cbd448d9b9e26e1e95db0f5905e4f129f88443605bc576cb9a6f02f8349675085b6f069d7c83a5bc19142d3d09ae12bb5c18fce86cac2d471ff745f2b1d4dc1bedf75536d9c735d392555510b344f4f84edcff5d0f4fe89babd7084cab5ff6b54c23425f0d44ee395c01389043addbe31afdc54dc9e6d1a83b2b32bb3dab60db5c237ab70c7dcf40a1fa0a8dcd44f018eeef5f3dcaaa3148f34211481bb238436a0cf5d5491fcb509e0db33a21dc40f5b337c800c285455abb7c0f2063025db34b2ee167d759df7e14ab37962b6f71bc5cd67c0b8b2f4e3fb5cb1633829c1d511c6d9165bf889ee198822e0d659e92b62b6545a2c93173febf94db6f767a500e73ee9995d6bb3dd9ead50a338ab16e625ae9963707584693b10c8588eab3d4cdb67a9efb39b61d9eca83218c918bbfd3b0b9ff1ccc9e6deac14a0a2c0f4a2250f9d3e018c29857346c3c51361f138985d0b4596e8cbfed6f4f4d3f2b922fc756d2732cb2995ad4f74e1ea483d373cae0cce1b9b9d8c74310b21ca2d9617b2b937e3422c5fdb7ec9a211652f959b7367c26755e1fc06b8703c94c5e97168127a7cd1f9fc44b83ac2ecdfeea1a04cc5d112e2c00e0ffedef8a5ef0876e20c7422919498cb29b755c78d67b6294c985740c5680b7eb746fd341b23c75a62e2794370f7abe037702da12b14624b67d7e53d2b6b331a1564a6000f365a4bed251f9598d429179597930bd3edfa12583907aa07d9966efd5d178d6f7b92c639e4decbb6d657e8f2f7df1c5c6aad606ed5854c299b95f4fe51a7d9b8e4ceaab8d736ee814dfb33cb73ba44a464737737ae48b8d1e975cfe0ce4969b76b198d02caec453f91c829ae70988f7b3dcc2c2eca3cb71930b60cfef92b601be49ea0a04fe3b377934fd16d6f7b8577dbb73076742db72eb991e9a74d405114f67f7684e75f788d57f7ace3a8e733168eba0a91e0bb69dee3c7d51eee1b429ecc05e3e09503d1da4a6f76f7f6e20a87012695da8bef72c22fd2bd37fe6c461c2a56778ed214b99e634ad3150a5165b150a8a69d44461459e0ee73a2cbb383a5ed40807d49befe3d3deff166cbffe3caaf9dc783fffe4366cd98427555055595e54c9ddcc0372e5f8410b0e9add750844a5de1b8846955365828af8fcdb4cd04077aa24bcb7ad21e0cf2bedb7d72d002d3921f3d1e7ae17ff7a6737fda9dc090297c17d0d7024b609bd3893fde384907964e4bbd449b2e75536d7cf58eca98193e809016605beb2666cf9aca3d77afc012a76fa3288295ff7035975f722eef756cc11b76c7c441c079375530717ee2b66a4eeda01e23069fa6b1dde91cb80855600acb1fa49b465a0a50fcbbcf2b042c1b18eed734b6399dba576ba536989fc1702e1d464fb733f3a2e298f043ee7df8c2bddcb1ec9b2829c66b772cff261a61f63b76c55c9bb4a090495f49de51392dcd358974d0246c733af0c5fd00e51dc58f1e1d994e3a6929801234fd0088dbe0770483ecec8df3450c82b975a01ab07237615e6c0175f89ab1d92ccc9a99da58b9a6ba82b163eae8f035c75c9b1827ed8194db61844ef3a61ff6bae90c26b40d295485f8a774d249f99acb7fdf5502dc912cce3eaf9746af7eeba099cce46582ad28b6bf12d402141516a0a4e967a2b4b890a016dbc9b616a5777f6d6c2594319f7abdec4ff1bea510df2bfb6d4fca379932d7116ff0762065421fbadd34fb339f553bcef81170dd74f8f92298ab73f57f9ceee6604c5891a998ee1e17be34f37eb4b58302736c29f634a767a95535c8e1ecd140809deeb46adc5219f62f4f1529b5da0ae5d674a449e06d97939640664a307e04dc7536dcfd5f60d1b8a8e58e11480d3edae48a09af2f9e88a669bcba6547ca343edcf929ed1d3d8c2e8a5d02d9b5d9452494ba33543888f9b3b660906db19dbe64c4f4db069254014a1e6b5d0032ed95a68894bce574d21e8afdd262040bf8fa54f8d13930b9225d09d911f068bcfedb4e8eeef5c75cabb68fa1be683c0faf5947774fac82f4a5110872df03ff9711d6918c2b9e1a73bdbb39c4e6d51d781dc9178ab29dd3e80c06f9bbc3414466d2e316934bd6b42435d14baa0042881b3390064495e08d1e071dc1c44aa02ad1d9bdcb2619bf5002d07334947422e8bcbaab7076fb5879e72fd87f20d69b4b6b5b17fff8cff7d1d8f83917d45f8310f1e73e9af7f869694c5e03ceaf8f0e7133e9e7b48782fc2de3c28fa2a428c3c4af7ffdc7965267453390d6706220aa10cc2b2961b4ad7fb757102dfcd93a8f89932125acfb69339e9ec45f6787ef289b0eff9edeb083f9736730f3f4890821f874df21de7cfb235469e1e231d7332ac92490d92ab8eede7accd6f4b4fae30e78fe13f83c71c543b33fc0db2e6756857f8c2e6769571dd79c1ef78b4c98d3b2c7da9648e4f3d94a3d9ef89925254cb4dbfbc22e1c0fd79c3e9854b363f76b6eb63fd793344e580bf171cf0e0e3876e30c76a2a1516aa9605cc93466947f058b9a7c666ac64525cc5b92d91026acc1868f61cbc1d86b8d3e2f1fbadc83b6361692af3b56d4fc29eeb54437953dd6faa4841b06291b80290505cc282aa6ae18ee397f70f6f8d91209497cae0805a52a8ed610bb36bbd9bf6370f3b26366d899756929e5a3cd043c1a268bc062cfeee15edc072f7e1afd5f93b0b3d7cd3e9d86d612f13bd7f2ea5be25d4bd82591b04817e944c7addda1308fcf2ac36474a32fc3204c3161aad9d467ca555e6fe1fc5b2bb097aaecda9ca4fe4dc2c479859c7f4b45df2754503ab835912b2683d30f9b9b34de763a694bd287ca14815c9ce85a5c752d7ef4e85440d7d1b86a0eb3a0dee0c2effc0d72ef0ce87c84e8c05442c7432785f567ce95a5580b33ff62159360c1352374df58b7741a3486f42dfc638c2e59db1ed77c2feed32b8aaadbd77f9c4bc6580ddd9801205d2f43a81579f427c8bd6720f7cc44b6fcb76898eb9598f88a49503331f315a78a51e6ac1427153613fcf82c7bea88592064fc5a20d153e8ae008b46e9b0ae9b8c7017f83e3cf13b7804429f9ff8edfb0022b16e7ce375ae6b265939ebca32e65e5546fde9f6982fddc82d609737d8189f60cfc1a010326e99c6f601a414ac6d5ba8b7fcd34618e4e9d5b111223dc8ce351089b6e7fea0caa7478a110226d7bbb159221071200f5c86a8580e6a19942d01a078a40945014d03a1c0b93754f45bd59bf95538bcd3c75fd7761209498480924ae3bcd6aa02ae68b0f1ab9d3a1b0e481623a518e8ea3ea6152b7db46d028ad4dd78a9e9c64a465875ae36834dc8bd7380134ba25b775571ffc6059c393bba7f72f7aeed7cefca3739777ac749370ac49477c03a0100776798fd3b3c0801b32e2d8d2bea93bfb9f13a224c9c574859adb1f6905b9a835cf552f2216b3608a1353896d5f5dbae12a3ca426546f6730e892932a20310ee06b504220e000eb616f29b4d97f1c4da55948f88ee09ebecba963beffa9f8ca95ac7d8aa635f955a0611675f32c5234d9cf9b5f8057f9c69e7ebb08c9726130739a24884409909f453809852d124338c10dee537c072a8e02c44dd09f3b7f55b1b5871dbb57d850f30b2a28cdb6efe16cf6d1dd31726ea7e0905b3f5cf8f4e54663997908a78651b2349919a216e5d5abd067951b09d9856ec745a193b26d6f7e4d8317574384e9a92b64d33262f3a1131c6ca0e206628185b03081a8c90fc71b73146f1d2f962dfff13eadcecdcdd181367d7c78d4c1c75620d5dba5e8c89339468f11aa601310b19310a20100d4648fecba1ec8d4512e2de0cedffd1f7f3860b9a78eeb927f964ef677d617b3e6d62ddb34f70dda28327ee6bbb1fdcafe99f1f9d38e0326c07498c02c41bcfc4df063348b63407f1842485661da7cf0ae68162072d3a675e680b73ff3f6ce2de5f7d4e57682e5242b57d070facd84da1eda497aa58a1e02cfdf2a133af1c36e06389523330a05f698c78b4bb5453820ea3a4ffe4ac227e7ca6cedb65432da07991edf741cffabee070245ab999d493aad311d722aaee8a2a8d7968faa90e6b30635d072d1e639a014b5029eef86e55df9e817e4d80a604cb0d917a8c07777a68f3e9fc60e65ab04e40d43f0c96133d7d93aaf52f7ccb3844fd43d1b1ff102d7c8027f7f90c2b7c809035dccffeaa9f02285a7cd36fbdf08424776e751131622e5598c05c1ffd5f2980f21ba1fc86e8ff0096d190c09267a8e00e49ee7d3fad0d3d59135644bf2a78400da0193c610f2f1f09f0f3778c794851730f942d418c7f0151ff20a2fed788f17f80b2ab11353f3544a65e681256bceea4d5b811000026adbf554bbf4ea0a6a816c588dd8b03f8d5cee8b4eb3d738af4b5092c9c8f289cdf3fac601e62cc3c1d85e88f26e15fde76f3921123a518595a3f05c8dba99b0f7ce4e1db9b1dc6cc109e42f48624d7bfeae0918f73e060300e03fa0011dd2d1192b1e9708099eb3a59f54e2fbd69d8d47f91d024fcb1c9cfd91bbb72f2e51f47114a3f61fd9a004553825a8eeb044f48f2c0471ed67ee2e5c27a2b97355899516ea2ba40d17ff5308f8434e8f045d8e788f0f291007f3914e0b03bf7674e8795486205d0148ced8226a13724f963939f3f369dd8bc615305b6385bbaf5a2e1999f0170f0ba7f354cc6719c012da7dec51361d2643f43837e0aa0dacd5d119fee2ee9b3c61f91f80d19334671b9a3efc211f8f2f443ac16a5f3e4dffdead8ee1b2a5c404efb01c3e4147fdb4d35fd6a80788d6cce8e2c1b26e7c4946d8c0248e4c19c6465987cd03430205e0d101369982f0c31651bc72a5834e6e34461b3bb0b7bcbbedc0b9692927ddb722ad2573b9950b1c17be2e32188b19689510045b02b1fc3958ab73752d0bc270f9261e45b1b722acf573b89968b73ef6a5922770e0c8b51000931917281128a8eff1d332f40b318b33b6620233ed80440cf9997e4449e12f451b6f33544243fe7cfa91119e3de2c46019ccbaa0f96ae6deb0074746a963eae29e7102e34c84bd400ca7646cdc21cd313ee9dd41593c7d127330f74f4aca83dc2cafe81b19d40212488d77393a7617286e4cd81bb8220f16ae01683b3334cae51c49b7183e3056a5219ba26b3c364878cc4fda8e32a807b45e53e109fc7bb36cc294987b3b9f683781712aeb70aa90d37035f1084949b4870dc6c927dceca1f4066ec262e1155f6562e6978118b127fb5b1a0780f26bf9bdef1bf4533c53a6d90083eea9cc5bb6de99f9a3abfad916fee7b13538273618afd517f01eead8fc7bd1e160acf4e399777ab26a42df3caf2975958ba0d116787ad120e50f4eddd846d87f08ee98c7337f8352babdb6ee670403f072d421109273a0c7313379015d37fcdc251af0e2a8d9066e296573720657a86225b36dec3991d839bd97ebf723c8b97fc8fb4e22a42a365ce19580679c0f7931d4bb9b349371b850ea7563d8a04a78e277e93d79c1e1488757ae5c29ce0cbcf2c8d302ae9afdddbc3835fd92e08a76faea5121974e103d894588fa6d922e09944850f298c42354d3ea95b4e86c90b52d1929661520570adacd90eecd53547c3e4923dcedbeade4d162175632ae5137ae566981c2344fcdeed49a4f476a4165856477ca1bb49e3cc8074b0a9d58cb06670c223e08f74d213f8287ba1131a60dc9894d1fad174180e1ccc5e66e10230c56cc64d8e7707848e662fb33f4e25627e2c55a4940ad07d4385ab6c6deb4352f2333d7235bae84a2695dc96d13ddef0515e6f5992bdd0db6f81f3cfceec9ed7df821faeca5aa418fd68bfcdaae920dbee85b67fcb5a663ff9c8077a56963b53c54bcbdf59c41c7e40099abe4f82738332a1d1f9188dce948aa92f77adcaad3c40ee3d23e7324fc213d1e443e9444c6b40edbeb9be4b0ab96670791a266708f1907b655dfc99a601a4edf1d0224cf78764e4766050d61a65966954db4f38ad948438e8de4050eb616cd1526c6a35edfe37e809e8689772fed930e3b413bf3d5e787203280adcb8146c36f8d32638a25bfb0b15b7224e6a0264e010743f01e61a44c532a40c43e7ea7eeeea74c21396fc67ba91d35680cedb2a8f963cd6f64b81fc7976f98a5262994a6dc109030c4d8668f3fd8d60d0418d7d2176532d01ad4b5f059873069cbbe0c46fb7079eff3398cdb0f85cb0dbe0c3ddba2a8028b9accf112580081c40763f01e6d1507a254246908ee78d50807ff52caf4edbb43f239fa7aed2ce7b4b9d23afcfe41ca1811ceeddc8e1de8d71af6deff8c76c934dcefdaba37ff1b8de18db3cd9b434fe05ef3bc84f0ddaae2e68747add697ffd90e9f6f0e8b123691d48384c5eb83d9393c3210bff00cee5d59b21f1ead23079e319e7b29a8c0d79b2da7f6d0aabff15d0bdf11a266b1c6645bd2b9b1bb35280aedb47362364ca532987c911522cebbcad32ab1e6cd61e189ccb6a37804cd0b38a65bf23eb7e631f8d8e298465fafdd61d3583777bbcad36fd7c87a4990f3c994d730f4422d8ee4edf89a5805f3b5754677dbadbe036813dd8682db597bc05322dd7db36930f35be65525a78c3f6b48d418e531af020b27c4c89c469cdccb1a522344ad4ecfd6c84a4094fa420bdc8928f9c66df026e1d97b501c1a0770196ac6d9f2834ed3d0425a9630fa3236e4daa73a206bcd93368273cae6555fb05e21620f70e6fbebc4484e486c1163ee8e426ceb1a2fa0f20eed023ad615222117c27d149a099a2eb46f092b56df70829d3b3a0cc162d123d0b5e4ae4f1ff350d90b147801d0f8fb93fc1fe6745052162c306229413d71405219463f72ab1f7ebcfcf9ccb6b7e913a5a7ae89edb92b5ad0f08c9f7524694122261643800e110686164240c5a1822e168e1492d5ac82715fa904788e8df3185882a87028a095413282a423547ff375910264b7c258b8b5ced5c5eab6b4dabfbf967aecfab7f503aaaad0ab86ee035e9ef457a9de0f7440bfe5428d04c91c76a222d3ada89f784b13b345584b500612d441457245288a79dcd35ba2f96e8ef897195d09ccbaaaf9742fe47ccb54818c2416424f8c52cfc6cd122c87010190ef629cec908c4c3cee6ea1b13edee190c863658a56b5a7e8c10f16d9cc2a113d57f2418adfe8ffd492d7ca2da8ff3424e19fa9a03134251a3d5be6a8afe36994135a76e0684b8d7b9acfa6ec3b26854c2c7295bd3728b14e23106d3dc48ad4f19fa75fcfa7500639545ca0123534954b1122144b4bdee17a410f39ad4638f72bcd378ac13288472ec7f458f0e610421beeb5c56fde8601249454edc4195ad6dfb86d4e4ef86278bd2c6292437e935d44b46cefc8195ad3d3a56a2ac43323f75ec2f33e27d29c4b75ccbaa743fbe371e3973c7ed585677c8e9759f2fe0c15cc93c0559e3f4b9cece55e1430e6b8093297dac652988b540f2037bbf3c3804e236c7f2eaf8b67206921787fccee5b5cf8534f5342187379f0af8b3aa4666e6a3f08fc9cf2f658fb52c448a87a560681fe8ab378246a9897f72ada87e399fd9c8fb911c8ee5b5af3bfceed9c0cf80fc1c9c935bbc08fec559d2353ddf850f43a0063899a2c75b2a4d11be2b11dfe78bd73fe815f0b84951efcdd67ccb088694021ca7fcf75d25116ff07684f81160e869a6862371a188d592e07dae65a3bbf39d9d810c4905384ef9efbb4a22fee07790e256606abef393217b40fed6ac981ee9bcadd29d3a7a7e18d20a7032e56b5a4e8f28ca8d48792b5095effcc447f480dca068ca933d2b2ae3ba661d6a9c320ad0c7a3d25c26da2ed5845822908b81d179ce51bb90f265a1880d3d91ea4dc91c320d454e3d051840c923ed93842a1711558645185f3b7448784b08f17764648bb3b9f60323966973c529af0003295bddd220cc628606d32562b290721cd000d400b11e28e3e3277ac05213d084a051d3d8a52ada2ec7b2ba43c6e43c3f7ce1142019950fb71785ace10a8152ac49cd8a72ecf935a42a855f4ae9b6d895ae8147ab0d33cc30c30c33cc1790ff0f8734864a028e6bd50000000049454e44ae426082);

-- --------------------------------------------------------

--
-- Table structure for table `data`
--

CREATE TABLE `data` (
  `nm_supp` varchar(100) NOT NULL,
  `kdbrg` varchar(20) NOT NULL,
  `tybrg` varchar(50) NOT NULL,
  `nmbrg` varchar(250) NOT NULL,
  `price` int(11) NOT NULL,
  `qty` int(11) NOT NULL,
  `sell` int(11) NOT NULL
) ENGINE=InnoDB DEFAULT CHARSET=utf8mb4;

--
-- Dumping data for table `data`
--

INSERT INTO `data` (`nm_supp`, `kdbrg`, `tybrg`, `nmbrg`, `price`, `qty`, `sell`) VALUES
('CV Hayati Pratama Mandiri', 'KD001', 'Accessories', 'Jacket XL', 254325, 10, 300103),
('CV Hayati Pratama Mandiri', 'KD002', 'Accessories', 'Helm XL', 354325, 10, 400387);

-- --------------------------------------------------------

--
-- Table structure for table `nota`
--

CREATE TABLE `nota` (
  `idtrs` varchar(20) NOT NULL,
  `nmutrs` varchar(100) NOT NULL,
  `nmptrs` varchar(100) NOT NULL,
  `tgltrs` varchar(15) NOT NULL,
  `tbyr_trs` int(11) NOT NULL,
  `pbyr_trs` int(11) NOT NULL,
  `kbyr_trs` int(11) NOT NULL
) ENGINE=InnoDB DEFAULT CHARSET=utf8mb4;

--
-- Dumping data for table `nota`
--

INSERT INTO `nota` (`idtrs`, `nmutrs`, `nmptrs`, `tgltrs`, `tbyr_trs`, `pbyr_trs`, `kbyr_trs`) VALUES
('T2401N0', 'Noval', 'Ambatunat', '01/10/2024', 254325, 254325, 0),
('T2401N1', 'Noval', 'Ambatukam', '01/10/2024', 354325, 355325, 1000),
('T2401N2', 'Noval', 'Test 1', '01/10/2024', 608650, 609650, 1000),
('T2401N3', 'Noval', 'Test 2', '01/10/2024', 508650, 510000, 1350),
('T2401N4', 'Noval', 'Ambatron Ngawi', '01/10/2024', 1671625, 1675000, 3375),
('T2409N5', 'Noval', 'Cotta', '09/10/2024', 254325, 254325, 0);

-- --------------------------------------------------------

--
-- Table structure for table `person`
--

CREATE TABLE `person` (
  `nama` varchar(100) NOT NULL,
  `panggilan` varchar(20) NOT NULL,
  `Kelamin` varchar(7) NOT NULL,
  `tmp_lr` varchar(20) NOT NULL,
  `tgl_lr` date NOT NULL,
  `id` varchar(20) NOT NULL,
  `pass` varchar(50) NOT NULL,
  `level` varchar(10) NOT NULL,
  `email` varchar(50) NOT NULL
) ENGINE=InnoDB DEFAULT CHARSET=utf8mb4;

--
-- Dumping data for table `person`
--

INSERT INTO `person` (`nama`, `panggilan`, `Kelamin`, `tmp_lr`, `tgl_lr`, `id`, `pass`, `level`, `email`) VALUES
('Rizqon Nauval Zaloni', 'Noval', 'Pria', 'Padang', '1999-10-04', 'iossskerja', 'rnnp11', 'Admin', 'pencarikerjake1000@usaha.kan.ya'),
('Abamtukam', 'Memes', 'Pria', 'Antah Barantah', '3000-12-31', 'Useless', 'ngeminbjir', 'Karyawan', 'aselolothuah@usaha.ken.yea');

-- --------------------------------------------------------

--
-- Table structure for table `supplier`
--

CREATE TABLE `supplier` (
  `id_supp` varchar(20) NOT NULL,
  `nm_supp` varchar(100) NOT NULL,
  `adrs_supp` varchar(100) NOT NULL,
  `nuphn_supp` varchar(15) NOT NULL
) ENGINE=InnoDB DEFAULT CHARSET=utf8mb4;

--
-- Dumping data for table `supplier`
--

INSERT INTO `supplier` (`id_supp`, `nm_supp`, `adrs_supp`, `nuphn_supp`) VALUES
('S240614N1', 'CV Hayati Pratama Mandiri', 'Jl. Koto Marapak No. 35, Olo, Kec. Padang Barat, Kota Padang, Sumatera Barat', '00005543442121'),
('S240614N2', 'PT. Indotruck Utama', 'Jl. Tj. Api-Api No. 88, Kebun Bunga, Kec. Sukarami, Kota Palembang, Sumatera Selatan', '00028387283');

-- --------------------------------------------------------

--
-- Table structure for table `transaction`
--

CREATE TABLE `transaction` (
  `idtrs` varchar(20) NOT NULL,
  `kdbrg` varchar(20) NOT NULL,
  `nmbrg` varchar(250) NOT NULL,
  `hrgbrg` int(11) NOT NULL,
  `jpbrg` int(11) NOT NULL,
  `tphbrg` int(11) NOT NULL
) ENGINE=InnoDB DEFAULT CHARSET=utf8mb4;

--
-- Dumping data for table `transaction`
--

INSERT INTO `transaction` (`idtrs`, `kdbrg`, `nmbrg`, `hrgbrg`, `jpbrg`, `tphbrg`) VALUES
('T2401N0', 'KD001', 'Jacket XL', 254325, 1, 254325),
('T2401N1', 'KD002', 'Helm XL', 354325, 1, 354325),
('T2401N2', 'KD001', 'Jacket XL', 254325, 1, 254325),
('T2401N2', 'KD002', 'Helm XL', 354325, 1, 354325),
('T2401N3', 'KD001', 'Jacket XL', 254325, 2, 508650),
('T2401N4', 'KD001', 'Jacket XL', 254325, 1, 254325),
('T2401N4', 'KD002', 'Helm XL', 354325, 4, 1417300),
('T2409N5', 'KD001', 'Jacket XL', 254325, 1, 254325);

-- --------------------------------------------------------

--
-- Table structure for table `tyitem`
--

CREATE TABLE `tyitem` (
  `id_supp` varchar(20) NOT NULL,
  `type_brg` varchar(50) NOT NULL
) ENGINE=InnoDB DEFAULT CHARSET=utf8mb4;

--
-- Dumping data for table `tyitem`
--

INSERT INTO `tyitem` (`id_supp`, `type_brg`) VALUES
('S240614N1', 'Spare Part'),
('S240614N1', 'Accessories'),
('S240614N1', 'Unit'),
('S240614N2', 'Spare Part'),
('S240614N2', 'Unit');

--
-- Indexes for dumped tables
--

--
-- Indexes for table `data`
--
ALTER TABLE `data`
  ADD PRIMARY KEY (`kdbrg`);

--
-- Indexes for table `nota`
--
ALTER TABLE `nota`
  ADD PRIMARY KEY (`idtrs`);

--
-- Indexes for table `person`
--
ALTER TABLE `person`
  ADD PRIMARY KEY (`id`);

--
-- Indexes for table `supplier`
--
ALTER TABLE `supplier`
  ADD PRIMARY KEY (`id_supp`);

--
-- Indexes for table `transaction`
--
ALTER TABLE `transaction`
  ADD KEY `idtrs` (`idtrs`) USING BTREE;

--
-- Constraints for dumped tables
--

--
-- Constraints for table `transaction`
--
ALTER TABLE `transaction`
  ADD CONSTRAINT `transaction_ibfk_1` FOREIGN KEY (`idtrs`) REFERENCES `nota` (`idtrs`);
COMMIT;

/*!40101 SET CHARACTER_SET_CLIENT=@OLD_CHARACTER_SET_CLIENT */;
/*!40101 SET CHARACTER_SET_RESULTS=@OLD_CHARACTER_SET_RESULTS */;
/*!40101 SET COLLATION_CONNECTION=@OLD_COLLATION_CONNECTION */;
